model,fold,seed,n_test,MAE,MedAE,RMSE,MSE,R2,r,bias,p90,failed
none/PNA ,0,0,756,3.6635,2.1777,5.8399,34.104,0.9504,0.979,-1.8792,9.6166,0
none/PNA ,0,1,756,3.4652,1.972,5.5029,30.2814,0.956,0.9794,-1.1678,8.8114,0
none/PNA ,0,2,756,3.2661,2.074,5.1837,26.8709,0.9609,0.9816,-1.1168,7.9496,0
none/PNA ,1,0,756,3.7558,2.4513,5.9019,34.8319,0.9494,0.9746,-0.5654,9.216,0
none/PNA ,1,1,756,3.6419,2.1545,5.7861,33.479,0.9513,0.9759,-0.7098,9.0727,0
none/PNA ,1,2,756,3.6646,2.3973,5.7049,32.5461,0.9527,0.9764,0.5677,8.7226,0
none/PNA ,2,0,756,3.3851,2.246,5.1995,27.0353,0.9607,0.9803,-0.2794,8.0707,0
none/PNA ,2,1,756,3.6139,2.3422,5.6417,31.8284,0.9537,0.9766,-0.0352,8.6068,0
none/PNA ,2,2,756,3.3784,2.4089,5.212,27.165,0.9605,0.9801,0.1654,7.7516,0
none/PNA ,3,0,756,3.8456,2.501,5.9678,35.6145,0.9482,0.9742,-0.6175,9.3768,0
none/PNA ,3,1,756,3.6745,2.0395,5.7999,33.639,0.9511,0.9769,-1.1856,9.0996,0
none/PNA ,3,2,756,3.5813,2.3156,5.658,32.0132,0.9535,0.9765,0.0938,8.4063,0
none/PNA ,4,0,756,3.4431,2.1945,5.4637,29.8525,0.9566,0.9785,-0.7181,8.7661,0
none/PNA ,4,1,756,3.4419,2.0069,5.507,30.3275,0.9559,0.9778,-0.342,8.304,0
none/PNA ,4,2,756,3.4226,2.3412,5.3968,29.1252,0.9577,0.9787,-0.2512,8.1351,0
cnn nograph,0,0,756,3.2203,2.1895,5.1236,26.2515,0.9618,0.9808,-0.1547,7.7011,0
cnn nograph,0,1,756,3.8442,2.6313,5.9024,34.8383,0.9494,0.975,-0.7708,9.1494,0
cnn nograph,0,2,756,3.4919,2.167,5.5064,30.3201,0.9559,0.9777,0.0208,8.4585,0
cnn nograph,1,0,756,3.6448,2.3265,5.6846,32.3152,0.953,0.9762,0.078,8.8524,0
cnn nograph,1,1,756,3.6679,2.5508,5.7022,32.5155,0.9527,0.9761,0.2165,8.8442,0
cnn nograph,1,2,756,3.6412,2.3236,5.7562,33.1341,0.9518,0.9756,0.0015,8.9806,0
cnn nograph,2,0,756,3.5576,2.3648,5.5385,30.6747,0.9554,0.978,-0.7604,8.6972,0
cnn nograph,2,1,756,3.4776,2.4189,5.3099,28.195,0.959,0.9794,0.4543,8.1317,0
cnn nograph,2,2,756,3.3525,1.8879,5.2227,27.2764,0.9604,0.9803,-0.5555,8.2035,0
cnn nograph,3,0,756,3.2004,1.7601,5.2455,27.5155,0.96,0.9804,-0.7794,7.5758,0
cnn nograph,3,1,756,3.4241,2.0333,5.5224,30.4965,0.9557,0.9785,-0.9651,8.1404,0
cnn nograph,3,2,756,3.368,2.0532,5.5069,30.3255,0.9559,0.9781,-0.6344,8.1313,0
cnn nograph,4,0,756,3.3288,2.0606,5.3331,28.442,0.9587,0.9799,-0.8413,8.1449,0
cnn nograph,4,1,756,3.5987,2.1901,5.7108,32.6134,0.9526,0.9768,-0.8253,8.8543,0
cnn nograph,4,2,756,3.4874,2.1499,5.4781,30.0098,0.9564,0.9784,-0.7288,8.4865,0
MLP-GA,0,0,756,3.7154,2.4779,5.6929,32.4095,0.9529,0.9762,-0.0408,9.0278,0
MLP-GA,0,1,756,3.6892,2.3841,5.7279,32.8083,0.9523,0.9768,-0.6621,8.8566,0
MLP-GA,0,2,756,3.6908,2.4176,5.6622,32.0606,0.9534,0.9766,-0.1063,9.1501,0
MLP-GA,1,0,756,3.7332,2.3945,5.8302,33.9915,0.9506,0.9753,0.4801,8.7954,0
MLP-GA,1,1,756,3.7497,2.3581,5.8299,33.9882,0.9506,0.9753,-0.3762,9.0802,0
MLP-GA,1,2,756,3.5349,2.2693,5.6076,31.4452,0.9543,0.9774,-0.6221,8.5149,0
MLP-GA,2,0,756,3.6195,2.4794,5.5145,30.4097,0.9558,0.9778,0.4187,8.3377,0
MLP-GA,2,1,756,3.4838,2.3158,5.4063,29.2283,0.9575,0.9787,-0.1705,8.0699,0
MLP-GA,2,2,756,3.4645,2.4215,5.3575,28.7029,0.9583,0.979,0.0145,8.2194,0
MLP-GA,3,0,756,3.6981,2.0688,5.9323,35.1918,0.9488,0.9773,-1.6327,9.202,0
MLP-GA,3,1,756,3.6773,1.9914,5.901,34.8213,0.9494,0.9782,-1.863,9.2275,0
MLP-GA,3,2,756,3.7057,2.4106,5.8124,33.7846,0.9509,0.9752,0.196,8.9663,0
MLP-GA,4,0,756,3.9886,2.5652,6.1058,37.281,0.9458,0.9735,-0.5524,9.8859,0
MLP-GA,4,1,756,3.737,2.1555,5.8963,34.7659,0.9495,0.9768,-1.4356,9.3194,0
MLP-GA,4,2,756,3.913,2.1831,6.108,37.3075,0.9458,0.9761,-1.7071,9.8361,0
GCN ,2,0,756,5.2721,3.5304,7.7937,60.7416,0.9117,0.9549,-0.3231,13.0247,0
GCN ,2,1,756,4.0628,2.6846,6.1523,37.8507,0.945,0.9726,-0.6866,9.8444,0
GCN ,2,2,756,4.402,2.842,6.5978,43.5305,0.9367,0.969,-0.7949,11.6122,0
GAT,2,0,756,4.0961,2.7402,6.1199,37.4529,0.9456,0.9726,-0.4382,10.0579,0
GAT,2,1,756,4.4626,3.3378,6.5686,43.1469,0.9373,0.9685,-0.3498,11.0377,0
GAT,2,2,756,4.4677,2.96,6.5889,43.4135,0.9369,0.9681,-0.0191,10.9672,0
SAGE,2,0,756,3.9005,2.7887,5.7771,33.3748,0.9515,0.9758,-0.368,9.203,0
SAGE,2,1,756,3.8229,2.41,5.9463,35.3588,0.9486,0.9747,-0.8337,9.7924,0
SAGE,2,2,756,3.9704,2.5728,6.1332,37.6156,0.9453,0.9726,-0.6008,9.1364,0
GIN,2,0,756,5.0661,3.0832,7.6853,59.0643,0.9141,0.9571,-0.9878,13.6236,0
GIN,2,1,756,4.3585,2.7315,6.4479,41.5757,0.9396,0.9712,-1.4038,10.7544,0
GIN,2,2,756,3.8545,2.4356,5.9072,34.8946,0.9493,0.976,-1.2285,9.5709,0
CNN based GNN,0,0,756,3.09,1.9328,5.1227,26.2416,0.9619,0.9809,-0.3475,7.3624,0
CNN based GNN,0,1,756,3.448,2.1398,5.5121,30.383,0.9558,0.9812,-1.8112,8.6476,0
CNN based GNN,0,2,756,3.2821,1.9343,5.3444,28.5621,0.9585,0.9791,-0.2295,7.8396,0
CNN based GNN,1,0,756,3.3435,2.0181,5.3609,28.7392,0.9582,0.9791,-0.4179,7.8353,0
CNN based GNN,1,1,756,3.9715,2.6592,5.9897,35.8762,0.9479,0.9752,1.2282,9.4341,0
CNN based GNN,1,2,756,3.4494,2.0666,5.5013,30.2641,0.956,0.9784,-0.7986,8.3059,0
CNN based GNN,2,0,756,3.1358,2.0274,4.953,24.5318,0.9643,0.9825,-0.6331,7.3274,0
CNN based GNN,2,1,756,3.4771,2.2283,5.4481,29.682,0.9569,0.9782,0.0259,8.2019,0
CNN based GNN,2,2,756,3.4462,2.1872,5.5048,30.3033,0.956,0.9777,-0.1538,8.5116,0
CNN based GNN,3,0,756,3.3388,1.9033,5.3199,28.3011,0.9589,0.9809,-1.1826,8.1815,0
CNN based GNN,3,1,756,3.6274,2.26,5.718,32.6953,0.9525,0.9774,-1.1379,8.6841,0
CNN based GNN,3,2,756,3.2883,1.9247,5.5231,30.5044,0.9557,0.9777,-0.4517,7.6086,0
CNN based GNN,4,0,756,3.2629,2.1298,5.2076,27.119,0.9606,0.9809,-0.7475,8.0951,0
CNN based GNN,4,1,756,3.4863,2.2024,5.5428,30.7223,0.9553,0.979,-1.2844,8.5843,0
CNN based GNN,4,2,756,3.4339,2.2128,5.4587,29.7979,0.9567,0.9786,-0.7553,8.9377,0
Elastic Net,0,0,756,3.7556,2.7287,5.5234,30.5084,0.9557,0.9776,-0.1187,7.3392,0
Elastic Net,0,1,756,3.7556,2.7287,5.5234,30.5084,0.9557,0.9776,-0.1187,7.3392,0
Elastic Net,0,2,756,3.7556,2.7287,5.5234,30.5084,0.9557,0.9776,-0.1187,7.3392,0
Elastic Net,1,0,756,3.7616,2.6808,5.652,31.9453,0.9536,0.9765,-0.131,7.5943,0
Elastic Net,1,1,756,3.7616,2.6808,5.652,31.9453,0.9536,0.9765,-0.131,7.5943,0
Elastic Net,1,2,756,3.7616,2.6808,5.652,31.9453,0.9536,0.9765,-0.131,7.5943,0
Elastic Net,2,0,756,3.7736,2.7979,5.5396,30.6872,0.9554,0.9774,-0.0007,7.6326,0
Elastic Net,2,1,756,3.7736,2.7979,5.5396,30.6872,0.9554,0.9774,-0.0007,7.6326,0
Elastic Net,2,2,756,3.7736,2.7979,5.5396,30.6872,0.9554,0.9774,-0.0007,7.6326,0
Elastic Net,3,0,756,3.8149,2.814,5.6456,31.8731,0.9537,0.9766,-0.1235,7.6962,0
Elastic Net,3,1,756,3.8149,2.814,5.6456,31.8731,0.9537,0.9766,-0.1235,7.6962,0
Elastic Net,3,2,756,3.8149,2.814,5.6456,31.8731,0.9537,0.9766,-0.1235,7.6962,0
Elastic Net,4,0,756,3.8413,2.8343,5.6146,31.5243,0.9542,0.9768,-0.0877,7.6424,0
Elastic Net,4,1,756,3.8413,2.8343,5.6146,31.5243,0.9542,0.9768,-0.0877,7.6424,0
Elastic Net,4,2,756,3.8413,2.8343,5.6146,31.5243,0.9542,0.9768,-0.0877,7.6424,0
ResnetAge,0,0,756,5.2086,3.5766,7.4687,55.7821,0.9189,0.9589,0.2024,11.9988,0
ResnetAge,0,1,756,5.2325,3.752,7.6048,57.8331,0.9159,0.9575,0.7395,12.2526,0
ResnetAge,0,2,756,5.9568,4.3627,8.3601,69.8913,0.8984,0.9479,0.043,14.1334,0
ResnetAge,1,0,756,5.6461,3.7173,7.9953,63.9245,0.9071,0.9527,0.0066,13.376,0
ResnetAge,1,1,756,5.2333,3.8486,7.454,55.5626,0.9192,0.9589,-0.1172,12.14,0
ResnetAge,1,2,756,5.4706,3.6908,7.9402,63.0472,0.9084,0.9534,-0.2442,12.6828,0
ResnetAge,2,0,756,5.3227,3.8992,7.4226,55.0944,0.9199,0.9596,-0.5599,11.6715,0
ResnetAge,2,1,756,5.0011,3.2036,7.4565,55.5992,0.9192,0.959,-0.4925,12.3656,0
ResnetAge,2,2,756,5.5663,4.1836,7.9549,63.2804,0.908,0.9532,-0.4829,12.7308,0
ResnetAge,3,0,756,5.1199,3.499,7.3863,54.5571,0.9207,0.9599,-0.4361,11.4853,0
ResnetAge,3,1,756,5.0528,3.5292,7.3899,54.6103,0.9206,0.9603,-0.6826,12.0938,0
ResnetAge,3,2,756,5.4182,3.3794,7.9961,63.9382,0.9071,0.953,-0.622,13.7869,0
ResnetAge,4,0,756,6.22,4.3426,8.759,76.7193,0.8885,0.9432,-0.4393,14.5157,0
ResnetAge,4,1,756,5.1655,3.5005,7.4316,55.2289,0.9197,0.9598,-0.8104,12.0145,0
ResnetAge,4,2,756,4.9753,3.4012,7.2997,53.2855,0.9225,0.9607,-0.3116,11.6455,0